division,season,bases,outs,run_expectancy,n
D1,2016,___,0,0.4846,55559
D1,2016,___,1,0.3043,41976
D1,2016,___,2,0.1513,37982
D1,2016,1__,0,0.9676,20091
D1,2016,1__,1,0.6903,28703
D1,2016,1__,2,0.3315,30158
D1,2016,_2_,0,1.1155,2823
D1,2016,_2_,1,0.7805,4674
D1,2016,_2_,2,0.3415,5347
D1,2016,__3,0,1.3850,413
D1,2016,__3,1,1.0222,630
D1,2016,__3,2,0.3583,709
D1,2016,12_,0,1.7550,1559
D1,2016,12_,1,1.2317,2728
D1,2016,12_,2,0.5336,3004
D1,2016,1_3,0,1.8380,142
D1,2016,1_3,1,1.3413,334
D1,2016,1_3,2,0.5121,453
D1,2016,_23,0,1.9286,14
D1,2016,_23,1,1.8485,33
D1,2016,_23,2,0.5000,48
D1,2016,123,0,2.2222,9
D1,2016,123,1,1.5357,28
D1,2016,123,2,0.6667,33
D1,2017,___,0,0.4964,119890
D1,2017,___,1,0.3121,90780
D1,2017,___,2,0.1559,82071
D1,2017,1__,0,0.9613,43192
D1,2017,1__,1,0.6931,62152
D1,2017,1__,2,0.3335,64795
D1,2017,_2_,0,1.1534,6024
D1,2017,_2_,1,0.8016,9936
D1,2017,_2_,2,0.3515,11327
D1,2017,__3,0,1.5186,781
D1,2017,__3,1,1.0144,1251
D1,2017,__3,2,0.3266,1531
D1,2017,12_,0,1.7320,3314
D1,2017,12_,1,1.1878,5787
D1,2017,12_,2,0.5603,6550
D1,2017,1_3,0,1.8285,239
D1,2017,1_3,1,1.2987,636
D1,2017,1_3,2,0.5320,891
D1,2017,_23,0,2.3158,19
D1,2017,_23,1,1.3396,53
D1,2017,_23,2,0.4742,97
D1,2017,123,0,2.5000,10
D1,2017,123,1,1.6154,52
D1,2017,123,2,0.9186,86
D1,2018,___,0,0.4832,130568
D1,2018,___,1,0.2995,98167
D1,2018,___,2,0.1490,87816
D1,2018,1__,0,0.9580,47696
D1,2018,1__,1,0.6666,67623
D1,2018,1__,2,0.3213,71337
D1,2018,_2_,0,1.1049,6590
D1,2018,_2_,1,0.7451,10853
D1,2018,_2_,2,0.3313,12661
D1,2018,__3,0,1.3572,879
D1,2018,__3,1,0.9352,1389
D1,2018,__3,2,0.3579,1668
D1,2018,12_,0,1.6579,3818
D1,2018,12_,1,1.1628,6756
D1,2018,12_,2,0.5409,7785
D1,2018,1_3,0,1.6231,321
D1,2018,1_3,1,1.0559,859
D1,2018,1_3,2,0.5622,1117
D1,2018,_23,0,1.8077,26
D1,2018,_23,1,1.1395,86
D1,2018,_23,2,0.4565,138
D1,2018,123,0,1.9615,26
D1,2018,123,1,1.1600,75
D1,2018,123,2,0.4766,128
D1,2019,___,0,0.4885,131676
D1,2019,___,1,0.3016,98908
D1,2019,___,2,0.1477,88284
D1,2019,1__,0,0.9622,47836
D1,2019,1__,1,0.6723,67501
D1,2019,1__,2,0.3269,71432
D1,2019,_2_,0,1.0709,6971
D1,2019,_2_,1,0.7317,11500
D1,2019,_2_,2,0.3258,13400
D1,2019,__3,0,1.3116,921
D1,2019,__3,1,0.9079,1510
D1,2019,__3,2,0.3408,1863
D1,2019,12_,0,1.5933,3939
D1,2019,12_,1,1.0958,7356
D1,2019,12_,2,0.5132,8535
D1,2019,1_3,0,1.5487,390
D1,2019,1_3,1,1.1210,942
D1,2019,1_3,2,0.5049,1333
D1,2019,_23,0,1.1714,35
D1,2019,_23,1,1.0179,112
D1,2019,_23,2,0.4577,201
D1,2019,123,0,1.3714,35
D1,2019,123,1,1.0769,117
D1,2019,123,2,0.4093,193
D1,2020,___,0,0.4523,37648
D1,2020,___,1,0.2774,28267
D1,2020,___,2,0.1369,25014
D1,2020,1__,0,0.9081,13422
D1,2020,1__,1,0.6447,19053
D1,2020,1__,2,0.3049,20331
D1,2020,_2_,0,1.0386,1941
D1,2020,_2_,1,0.6983,3338
D1,2020,_2_,2,0.2893,3993
D1,2020,__3,0,1.3193,285
D1,2020,__3,1,0.8857,481
D1,2020,__3,2,0.2960,581
D1,2020,12_,0,1.5713,1262
D1,2020,12_,1,1.0316,2250
D1,2020,12_,2,0.4467,2626
D1,2020,1_3,0,1.4828,116
D1,2020,1_3,1,1.2456,281
D1,2020,1_3,2,0.4943,437
D1,2020,_23,0,1.5455,11
D1,2020,_23,1,0.6562,32
D1,2020,_23,2,0.6066,61
D1,2020,123,0,2.9231,13
D1,2020,123,1,1.9062,32
D1,2020,123,2,0.6111,72
D1,2021,___,0,0.5064,114309
D1,2021,___,1,0.3175,86671
D1,2021,___,2,0.1547,76790
D1,2021,1__,0,0.9822,40709
D1,2021,1__,1,0.6831,57272
D1,2021,1__,2,0.3345,61096
D1,2021,_2_,0,1.0563,6147
D1,2021,_2_,1,0.7271,10206
D1,2021,_2_,2,0.3224,12091
D1,2021,__3,0,1.3086,810
D1,2021,__3,1,0.9105,1352
D1,2021,__3,2,0.3446,1657
D1,2021,12_,0,1.5974,3574
D1,2021,12_,1,1.1009,6647
D1,2021,12_,2,0.5315,7995
D1,2021,1_3,0,1.8252,309
D1,2021,1_3,1,1.0980,765
D1,2021,1_3,2,0.4702,1159
D1,2021,_23,0,1.1905,21
D1,2021,_23,1,1.0222,90
D1,2021,_23,2,0.4154,195
D1,2021,123,0,1.6429,28
D1,2021,123,1,1.2673,101
D1,2021,123,2,0.5131,191
D1,2022,___,0,0.5967,139196
D1,2022,___,1,0.3510,100830
D1,2022,___,2,0.1599,85554
D1,2022,1__,0,1.0808,48895
D1,2022,1__,1,0.7165,64144
D1,2022,1__,2,0.3378,66598
D1,2022,_2_,0,1.2298,8230
D1,2022,_2_,1,0.8041,14349
D1,2022,_2_,2,0.3644,17069
D1,2022,__3,0,1.5450,1123
D1,2022,__3,1,1.0685,2861
D1,2022,__3,2,0.4326,4422
D1,2022,12_,0,1.8358,7272
D1,2022,12_,1,1.1687,12586
D1,2022,12_,2,0.5496,14658
D1,2022,1_3,0,2.1991,1632
D1,2022,1_3,1,1.4228,3694
D1,2022,1_3,2,0.6211,4996
D1,2022,_23,0,2.3233,662
D1,2022,_23,1,1.5483,1895
D1,2022,_23,2,0.6964,2075
D1,2022,123,0,3.0744,1491
D1,2022,123,1,1.9560,2931
D1,2022,123,2,0.9634,3580
D1,2023,___,0,0.6133,136667
D1,2023,___,1,0.3621,99057
D1,2023,___,2,0.1691,84416
D1,2023,1__,0,1.0973,48529
D1,2023,1__,1,0.7209,63678
D1,2023,1__,2,0.3465,66331
D1,2023,_2_,0,1.2150,8366
D1,2023,_2_,1,0.8070,14304
D1,2023,_2_,2,0.3667,16543
D1,2023,__3,0,1.4844,1090
D1,2023,__3,1,1.0666,2671
D1,2023,__3,2,0.4368,4192
D1,2023,12_,0,1.8090,7258
D1,2023,12_,1,1.1750,12261
D1,2023,12_,2,0.5670,14500
D1,2023,1_3,0,2.1304,1526
D1,2023,1_3,1,1.3685,3408
D1,2023,1_3,2,0.6314,4620
D1,2023,_23,0,2.3699,592
D1,2023,_23,1,1.5745,1779
D1,2023,_23,2,0.6909,1818
D1,2023,123,0,2.8443,1317
D1,2023,123,1,1.9613,2845
D1,2023,123,2,0.9834,3437
D1,2024,___,0,0.6193,132480
D1,2024,___,1,0.3640,95666
D1,2024,___,2,0.1704,81561
D1,2024,1__,0,1.0976,47775
D1,2024,1__,1,0.7294,62073
D1,2024,1__,2,0.3476,64697
D1,2024,_2_,0,1.2346,7851
D1,2024,_2_,1,0.7889,13726
D1,2024,_2_,2,0.3649,16296
D1,2024,__3,0,1.4612,967
D1,2024,__3,1,1.0688,2513
D1,2024,__3,2,0.4353,4043
D1,2024,12_,0,1.8320,7067
D1,2024,12_,1,1.1732,12107
D1,2024,12_,2,0.5545,13920
D1,2024,1_3,0,2.0853,1466
D1,2024,1_3,1,1.3869,3290
D1,2024,1_3,2,0.6468,4465
D1,2024,_23,0,2.3250,563
D1,2024,_23,1,1.6417,1680
D1,2024,_23,2,0.7085,1808
D1,2024,123,0,2.9186,1327
D1,2024,123,1,2.0207,2710
D1,2024,123,2,1.0104,3376
D1,2025,___,0,0.6145,139345
D1,2025,___,1,0.3646,101071
D1,2025,___,2,0.1697,86654
D1,2025,1__,0,1.1049,50515
D1,2025,1__,1,0.7347,66207
D1,2025,1__,2,0.3518,68910
D1,2025,_2_,0,1.2205,8259
D1,2025,_2_,1,0.8139,14462
D1,2025,_2_,2,0.3737,17120
D1,2025,__3,0,1.5373,1018
D1,2025,__3,1,1.0885,2634
D1,2025,__3,2,0.4517,4149
D1,2025,12_,0,1.8162,7410
D1,2025,12_,1,1.1776,12301
D1,2025,12_,2,0.5510,14812
D1,2025,1_3,0,2.0709,1466
D1,2025,1_3,1,1.4181,3449
D1,2025,1_3,2,0.6409,4573
D1,2025,_23,0,2.2487,563
D1,2025,_23,1,1.6870,1741
D1,2025,_23,2,0.6602,1866
D1,2025,123,0,2.8013,1344
D1,2025,123,1,1.9671,2733
D1,2025,123,2,0.9324,3371
D1,2026,___,0,0.5929,138888
D1,2026,___,1,0.3442,99468
D1,2026,___,2,0.1553,83330
D1,2026,1__,0,1.0488,50578
D1,2026,1__,1,0.6725,66457
D1,2026,1__,2,0.3108,69326
D1,2026,_2_,0,1.2435,8159
D1,2026,_2_,1,0.7916,14235
D1,2026,_2_,2,0.3405,16821
D1,2026,__3,0,1.5354,1046
D1,2026,__3,1,1.1094,2760
D1,2026,__3,2,0.4301,4355
D1,2026,12_,0,1.7902,7730
D1,2026,12_,1,1.1470,13221
D1,2026,12_,2,0.5090,15598
D1,2026,1_3,0,2.2002,1613
D1,2026,1_3,1,1.4640,3776
D1,2026,1_3,2,0.6335,5069
D1,2026,_23,0,2.3928,667
D1,2026,_23,1,1.6646,2108
D1,2026,_23,2,0.7317,2136
D1,2026,123,0,2.9744,1600
D1,2026,123,1,2.0299,3378
D1,2026,123,2,1.0064,4088
D2,2016,___,0,0.5825,44505
D2,2016,___,1,0.3593,33306
D2,2016,___,2,0.1785,30231
D2,2016,1__,0,1.1237,17261
D2,2016,1__,1,0.7470,24057
D2,2016,1__,2,0.3660,25329
D2,2016,_2_,0,1.2788,2493
D2,2016,_2_,1,0.8527,4115
D2,2016,_2_,2,0.3845,4518
D2,2016,__3,0,1.6040,399
D2,2016,__3,1,1.0553,579
D2,2016,__3,2,0.4312,705
D2,2016,12_,0,1.9960,1488
D2,2016,12_,1,1.2977,2449
D2,2016,12_,2,0.6336,2620
D2,2016,1_3,0,1.9184,147
D2,2016,1_3,1,1.3716,296
D2,2016,1_3,2,0.6171,397
D2,2016,_23,0,2.5714,14
D2,2016,_23,1,1.5600,25
D2,2016,_23,2,0.6216,37
D2,2016,123,0,2.7778,18
D2,2016,123,1,2.1333,30
D2,2016,123,2,1.0857,35
D2,2017,___,0,0.5626,87373
D2,2017,___,1,0.3583,65285
D2,2017,___,2,0.1768,59244
D2,2017,1__,0,1.0602,34067
D2,2017,1__,1,0.7399,47590
D2,2017,1__,2,0.3615,49770
D2,2017,_2_,0,1.2830,4950
D2,2017,_2_,1,0.8576,7873
D2,2017,_2_,2,0.3820,8898
D2,2017,__3,0,1.5953,677
D2,2017,__3,1,1.0510,1099
D2,2017,__3,2,0.4431,1266
D2,2017,12_,0,1.8717,2760
D2,2017,12_,1,1.2985,4660
D2,2017,12_,2,0.5916,5046
D2,2017,1_3,0,1.9648,256
D2,2017,1_3,1,1.3855,594
D2,2017,1_3,2,0.6405,790
D2,2017,_23,0,2.1111,27
D2,2017,_23,1,1.7917,48
D2,2017,_23,2,0.7010,97
D2,2017,123,0,3.2353,17
D2,2017,123,1,1.7170,53
D2,2017,123,2,1.2105,57
D2,2018,___,0,0.5528,85814
D2,2018,___,1,0.3445,63934
D2,2018,___,2,0.1760,57170
D2,2018,1__,0,1.0470,33257
D2,2018,1__,1,0.7278,46026
D2,2018,1__,2,0.3605,48237
D2,2018,_2_,0,1.2081,4949
D2,2018,_2_,1,0.8005,8209
D2,2018,_2_,2,0.3570,9288
D2,2018,__3,0,1.4407,751
D2,2018,__3,1,0.9894,1132
D2,2018,__3,2,0.3595,1391
D2,2018,12_,0,1.7354,2937
D2,2018,12_,1,1.1564,5332
D2,2018,12_,2,0.5355,6054
D2,2018,1_3,0,1.5693,339
D2,2018,1_3,1,1.1784,751
D2,2018,1_3,2,0.5493,974
D2,2018,_23,0,1.7872,47
D2,2018,_23,1,1.2525,99
D2,2018,_23,2,0.4529,170
D2,2018,123,0,2.2000,35
D2,2018,123,1,1.4706,102
D2,2018,123,2,0.6357,140
D2,2019,___,0,0.5070,78366
D2,2019,___,1,0.3225,57902
D2,2019,___,2,0.1574,50759
D2,2019,1__,0,0.9639,29984
D2,2019,1__,1,0.6791,41161
D2,2019,1__,2,0.3265,42746
D2,2019,_2_,0,1.0220,4819
D2,2019,_2_,1,0.6961,8104
D2,2019,_2_,2,0.3338,9462
D2,2019,__3,0,1.2263,676
D2,2019,__3,1,0.8395,1084
D2,2019,__3,2,0.3017,1442
D2,2019,12_,0,1.5455,3078
D2,2019,12_,1,1.0308,5707
D2,2019,12_,2,0.4869,6856
D2,2019,1_3,0,1.4382,340
D2,2019,1_3,1,0.9513,821
D2,2019,1_3,2,0.4426,1184
D2,2019,_23,0,1.0566,53
D2,2019,_23,1,0.6985,136
D2,2019,_23,2,0.3557,253
D2,2019,123,0,1.6852,54
D2,2019,123,1,0.9108,157
D2,2019,123,2,0.4197,305
D2,2020,___,0,0.4831,26285
D2,2020,___,1,0.3004,19163
D2,2020,___,2,0.1492,16794
D2,2020,1__,0,0.9289,10164
D2,2020,1__,1,0.6589,13593
D2,2020,1__,2,0.3278,13897
D2,2020,_2_,0,0.9901,1713
D2,2020,_2_,1,0.6698,2941
D2,2020,_2_,2,0.3108,3456
D2,2020,__3,0,1.3000,240
D2,2020,__3,1,0.8430,446
D2,2020,__3,2,0.3097,536
D2,2020,12_,0,1.4291,1163
D2,2020,12_,1,0.9585,2144
D2,2020,12_,2,0.4450,2546
D2,2020,1_3,0,1.2958,142
D2,2020,1_3,1,0.9119,295
D2,2020,1_3,2,0.5121,453
D2,2020,_23,0,0.8621,29
D2,2020,_23,1,0.5270,74
D2,2020,_23,2,0.3364,110
D2,2020,123,0,1.7812,32
D2,2020,123,1,0.8226,62
D2,2020,123,2,0.5545,101
D2,2021,___,0,0.5619,63270
D2,2021,___,1,0.3611,46791
D2,2021,___,2,0.1774,40779
D2,2021,1__,0,1.0333,24337
D2,2021,1__,1,0.7215,32926
D2,2021,1__,2,0.3513,34117
D2,2021,_2_,0,1.0724,4186
D2,2021,_2_,1,0.7215,7006
D2,2021,_2_,2,0.3287,8126
D2,2021,__3,0,1.3022,556
D2,2021,__3,1,0.9161,966
D2,2021,__3,2,0.3168,1272
D2,2021,12_,0,1.5838,2655
D2,2021,12_,1,1.0209,5015
D2,2021,12_,2,0.4880,6090
D2,2021,1_3,0,1.3179,346
D2,2021,1_3,1,1.1107,813
D2,2021,1_3,2,0.5429,1050
D2,2021,_23,0,1.0816,49
D2,2021,_23,1,0.7821,179
D2,2021,_23,2,0.3829,269
D2,2021,123,0,1.7907,43
D2,2021,123,1,1.2733,150
D2,2021,123,2,0.6486,259
D2,2022,___,0,0.6090,89004
D2,2022,___,1,0.3477,61932
D2,2022,___,2,0.1565,51157
D2,2022,1__,0,1.0586,32792
D2,2022,1__,1,0.6888,40952
D2,2022,1__,2,0.3313,41719
D2,2022,_2_,0,1.1866,6324
D2,2022,_2_,1,0.7709,11216
D2,2022,_2_,2,0.3593,13129
D2,2022,__3,0,1.3526,970
D2,2022,__3,1,1.0536,2443
D2,2022,__3,2,0.4618,3742
D2,2022,12_,0,1.8374,5996
D2,2022,12_,1,1.1477,10228
D2,2022,12_,2,0.5406,12434
D2,2022,1_3,0,2.1046,1472
D2,2022,1_3,1,1.4441,3067
D2,2022,1_3,2,0.6725,4320
D2,2022,_23,0,2.2534,580
D2,2022,_23,1,1.6909,1595
D2,2022,_23,2,0.7158,1872
D2,2022,123,0,3.0475,1264
D2,2022,123,1,2.1250,2641
D2,2022,123,2,1.0623,3050
D2,2023,___,0,0.5835,88278
D2,2023,___,1,0.3357,61270
D2,2023,___,2,0.1574,50571
D2,2023,1__,0,1.0244,32753
D2,2023,1__,1,0.6568,40726
D2,2023,1__,2,0.3227,41880
D2,2023,_2_,0,1.1682,6431
D2,2023,_2_,1,0.7400,11215
D2,2023,_2_,2,0.3606,13296
D2,2023,__3,0,1.3937,856
D2,2023,__3,1,0.9919,2352
D2,2023,__3,2,0.4415,3554
D2,2023,12_,0,1.7535,5934
D2,2023,12_,1,1.0307,10248
D2,2023,12_,2,0.5279,12534
D2,2023,1_3,0,2.0399,1453
D2,2023,1_3,1,1.3254,3135
D2,2023,1_3,2,0.6301,4263
D2,2023,_23,0,2.4168,535
D2,2023,_23,1,1.5360,1599
D2,2023,_23,2,0.7345,1763
D2,2023,123,0,3.1525,1187
D2,2023,123,1,2.0697,2426
D2,2023,123,2,1.0363,2951
D2,2024,___,0,0.5863,87598
D2,2024,___,1,0.3476,61044
D2,2024,___,2,0.1514,50123
D2,2024,1__,0,0.9917,32866
D2,2024,1__,1,0.6650,41129
D2,2024,1__,2,0.3232,42022
D2,2024,_2_,0,1.1104,6375
D2,2024,_2_,1,0.7437,11027
D2,2024,_2_,2,0.3427,13214
D2,2024,__3,0,1.2865,918
D2,2024,__3,1,0.9726,2189
D2,2024,__3,2,0.4231,3451
D2,2024,12_,0,1.6790,6031
D2,2024,12_,1,1.0634,10461
D2,2024,12_,2,0.5066,12811
D2,2024,1_3,0,1.9217,1444
D2,2024,1_3,1,1.3614,2955
D2,2024,1_3,2,0.5744,3940
D2,2024,_23,0,2.3505,485
D2,2024,_23,1,1.6118,1556
D2,2024,_23,2,0.6827,1790
D2,2024,123,0,3.1024,1201
D2,2024,123,1,2.0772,2512
D2,2024,123,2,1.0158,2914
D2,2025,___,0,0.5604,66012
D2,2025,___,1,0.3195,45587
D2,2025,___,2,0.1387,37152
D2,2025,1__,0,0.9637,24629
D2,2025,1__,1,0.6310,30680
D2,2025,1__,2,0.3033,30818
D2,2025,_2_,0,1.0636,4815
D2,2025,_2_,1,0.6935,8614
D2,2025,_2_,2,0.3368,10408
D2,2025,__3,0,1.2582,728
D2,2025,__3,1,0.9640,1723
D2,2025,__3,2,0.4038,2578
D2,2025,12_,0,1.6259,4533
D2,2025,12_,1,1.0162,7971
D2,2025,12_,2,0.4923,9817
D2,2025,1_3,0,2.0610,1148
D2,2025,1_3,1,1.2710,2424
D2,2025,1_3,2,0.5819,3124
D2,2025,_23,0,2.1747,372
D2,2025,_23,1,1.5012,1203
D2,2025,_23,2,0.6813,1346
D2,2025,123,0,2.9563,892
D2,2025,123,1,1.9899,1777
D2,2025,123,2,0.9326,2166
D2,2026,___,0,0.6821,89060
D2,2026,___,1,0.4061,62852
D2,2026,___,2,0.1877,53642
D2,2026,1__,0,1.2034,35261
D2,2026,1__,1,0.7872,44470
D2,2026,1__,2,0.3734,45709
D2,2026,_2_,0,1.3284,5849
D2,2026,_2_,1,0.8734,10114
D2,2026,_2_,2,0.4075,11738
D2,2026,__3,0,1.6386,830
D2,2026,__3,1,1.1679,2037
D2,2026,__3,2,0.4847,3144
D2,2026,12_,0,1.9006,5805
D2,2026,12_,1,1.2335,9436
D2,2026,12_,2,0.5942,10640
D2,2026,1_3,0,2.3590,1209
D2,2026,1_3,1,1.4888,2713
D2,2026,1_3,2,0.6915,3750
D2,2026,_23,0,2.5260,500
D2,2026,_23,1,1.7320,1448
D2,2026,_23,2,0.7518,1632
D2,2026,123,0,3.0509,1198
D2,2026,123,1,2.1363,2539
D2,2026,123,2,1.0253,2764
D3,2016,___,0,0.5559,31840
D3,2016,___,1,0.3662,23647
D3,2016,___,2,0.1875,21610
D3,2016,1__,0,1.0790,12925
D3,2016,1__,1,0.7463,17746
D3,2016,1__,2,0.3753,18496
D3,2016,_2_,0,1.2130,1840
D3,2016,_2_,1,0.8486,3111
D3,2016,_2_,2,0.3743,3508
D3,2016,__3,0,1.5128,312
D3,2016,__3,1,1.0204,491
D3,2016,__3,2,0.4084,546
D3,2016,12_,0,1.8084,1117
D3,2016,12_,1,1.2956,1881
D3,2016,12_,2,0.6117,1924
D3,2016,1_3,0,1.7658,111
D3,2016,1_3,1,1.2717,254
D3,2016,1_3,2,0.5380,329
D3,2016,_23,0,1.7333,15
D3,2016,_23,1,1.2500,32
D3,2016,_23,2,0.5385,39
D3,2016,123,0,1.8750,8
D3,2016,123,1,0.8500,20
D3,2016,123,2,0.9167,24
D3,2017,___,0,0.5497,105071
D3,2017,___,1,0.3504,78339
D3,2017,___,2,0.1804,71727
D3,2017,1__,0,1.0691,42040
D3,2017,1__,1,0.7483,58251
D3,2017,1__,2,0.3592,60665
D3,2017,_2_,0,1.2318,5875
D3,2017,_2_,1,0.8467,9698
D3,2017,_2_,2,0.3750,10964
D3,2017,__3,0,1.5866,912
D3,2017,__3,1,1.0804,1418
D3,2017,__3,2,0.4434,1608
D3,2017,12_,0,1.8060,3675
D3,2017,12_,1,1.2938,5923
D3,2017,12_,2,0.5837,6073
D3,2017,1_3,0,1.9634,355
D3,2017,1_3,1,1.3405,740
D3,2017,1_3,2,0.6350,959
D3,2017,_23,0,2.2500,32
D3,2017,_23,1,1.2556,90
D3,2017,_23,2,0.6319,144
D3,2017,123,0,2.4667,15
D3,2017,123,1,1.4805,77
D3,2017,123,2,0.9375,96
D3,2018,___,0,0.5243,104977
D3,2018,___,1,0.3356,77612
D3,2018,___,2,0.1724,69536
D3,2018,1__,0,1.0269,41934
D3,2018,1__,1,0.7171,57555
D3,2018,1__,2,0.3491,59780
D3,2018,_2_,0,1.1396,6188
D3,2018,_2_,1,0.7676,10598
D3,2018,_2_,2,0.3373,12361
D3,2018,__3,0,1.4783,1016
D3,2018,__3,1,0.9728,1546
D3,2018,__3,2,0.3708,1920
D3,2018,12_,0,1.6298,4125
D3,2018,12_,1,1.1358,7001
D3,2018,12_,2,0.5303,7922
D3,2018,1_3,0,1.6993,449
D3,2018,1_3,1,1.1439,994
D3,2018,1_3,2,0.4779,1291
D3,2018,_23,0,1.8169,71
D3,2018,_23,1,0.8750,192
D3,2018,_23,2,0.4066,273
D3,2018,123,0,2.2083,48
D3,2018,123,1,1.1449,138
D3,2018,123,2,0.4672,244
D3,2019,___,0,0.5015,80426
D3,2019,___,1,0.3174,59218
D3,2019,___,2,0.1589,52599
D3,2019,1__,0,0.9780,31736
D3,2019,1__,1,0.6787,43326
D3,2019,1__,2,0.3349,44901
D3,2019,_2_,0,1.0861,4950
D3,2019,_2_,1,0.7208,8249
D3,2019,_2_,2,0.3136,9578
D3,2019,__3,0,1.3522,744
D3,2019,__3,1,0.8557,1206
D3,2019,__3,2,0.3554,1483
D3,2019,12_,0,1.5849,3339
D3,2019,12_,1,1.0727,5862
D3,2019,12_,2,0.4661,6992
D3,2019,1_3,0,1.3719,363
D3,2019,1_3,1,1.0208,865
D3,2019,1_3,2,0.4653,1195
D3,2019,_23,0,0.9444,54
D3,2019,_23,1,0.7989,189
D3,2019,_23,2,0.3243,296
D3,2019,123,0,1.5667,60
D3,2019,123,1,1.0541,185
D3,2019,123,2,0.5039,254
D3,2020,___,0,0.5205,26294
D3,2020,___,1,0.3307,19140
D3,2020,___,2,0.1778,16915
D3,2020,1__,0,1.0154,10623
D3,2020,1__,1,0.7070,14046
D3,2020,1__,2,0.3516,14436
D3,2020,_2_,0,1.0602,1761
D3,2020,_2_,1,0.7391,3020
D3,2020,_2_,2,0.3246,3487
D3,2020,__3,0,1.3612,299
D3,2020,__3,1,0.8033,483
D3,2020,__3,2,0.3111,659
D3,2020,12_,0,1.5584,1139
D3,2020,12_,1,1.0480,2041
D3,2020,12_,2,0.4479,2516
D3,2020,1_3,0,1.4624,186
D3,2020,1_3,1,0.9605,304
D3,2020,1_3,2,0.4578,474
D3,2020,_23,0,1.0000,29
D3,2020,_23,1,0.8533,75
D3,2020,_23,2,0.3203,128
D3,2020,123,0,0.7917,24
D3,2020,123,1,1.2525,99
D3,2020,123,2,0.5702,121
D3,2021,___,0,0.5272,81115
D3,2021,___,1,0.3401,59428
D3,2021,___,2,0.1671,52113
D3,2021,1__,0,1.0142,32233
D3,2021,1__,1,0.6986,42848
D3,2021,1__,2,0.3403,44675
D3,2021,_2_,0,1.0365,5472
D3,2021,_2_,1,0.7378,8985
D3,2021,_2_,2,0.3186,10765
D3,2021,__3,0,1.2691,851
D3,2021,__3,1,0.8013,1399
D3,2021,__3,2,0.2855,1706
D3,2021,12_,0,1.5404,3788
D3,2021,12_,1,1.0440,6658
D3,2021,12_,2,0.4811,8044
D3,2021,1_3,0,1.5910,533
D3,2021,1_3,1,0.9300,1128
D3,2021,1_3,2,0.4741,1580
D3,2021,_23,0,1.2396,96
D3,2021,_23,1,0.8456,285
D3,2021,_23,2,0.3602,422
D3,2021,123,0,1.7531,81
D3,2021,123,1,1.0964,249
D3,2021,123,2,0.4195,410
D3,2022,___,0,0.6740,120322
D3,2022,___,1,0.3599,78778
D3,2022,___,2,0.1413,60726
D3,2022,1__,0,1.1468,44371
D3,2022,1__,1,0.6895,50959
D3,2022,1__,2,0.3125,50904
D3,2022,_2_,0,1.3226,9384
D3,2022,_2_,1,0.8283,17054
D3,2022,_2_,2,0.3896,20170
D3,2022,__3,0,1.5088,1653
D3,2022,__3,1,1.1326,4893
D3,2022,__3,2,0.4905,7707
D3,2022,12_,0,1.9281,11034
D3,2022,12_,1,1.1948,18059
D3,2022,12_,2,0.5559,21060
D3,2022,1_3,0,2.2674,3456
D3,2022,1_3,1,1.4884,7135
D3,2022,1_3,2,0.6904,9554
D3,2022,_23,0,2.5993,1515
D3,2022,_23,1,1.7678,4190
D3,2022,_23,2,0.7431,4352
D3,2022,123,0,3.0785,3454
D3,2022,123,1,2.1327,6928
D3,2022,123,2,1.0379,7683
D3,2023,___,0,0.6390,104994
D3,2023,___,1,0.3390,68695
D3,2023,___,2,0.1374,52858
D3,2023,1__,0,1.0870,39226
D3,2023,1__,1,0.6570,45285
D3,2023,1__,2,0.3052,45207
D3,2023,_2_,0,1.2254,8047
D3,2023,_2_,1,0.7785,14751
D3,2023,_2_,2,0.3596,17649
D3,2023,__3,0,1.4970,1344
D3,2023,__3,1,1.0927,3968
D3,2023,__3,2,0.4460,6347
D3,2023,12_,0,1.8749,9664
D3,2023,12_,1,1.1349,15887
D3,2023,12_,2,0.5355,18860
D3,2023,1_3,0,2.2624,2877
D3,2023,1_3,1,1.4617,6073
D3,2023,1_3,2,0.6788,7889
D3,2023,_23,0,2.4006,1248
D3,2023,_23,1,1.6731,3506
D3,2023,_23,2,0.6702,3660
D3,2023,123,0,3.1331,2886
D3,2023,123,1,2.1050,5572
D3,2023,123,2,0.9779,6198
D3,2024,___,0,0.6129,121233
D3,2024,___,1,0.3202,79358
D3,2024,___,2,0.1269,60922
D3,2024,1__,0,1.0431,45516
D3,2024,1__,1,0.6272,52963
D3,2024,1__,2,0.2777,52535
D3,2024,_2_,0,1.1725,9380
D3,2024,_2_,1,0.7514,17329
D3,2024,_2_,2,0.3489,20741
D3,2024,__3,0,1.3364,1507
D3,2024,__3,1,1.0613,4353
D3,2024,__3,2,0.4553,7002
D3,2024,12_,0,1.8391,11195
D3,2024,12_,1,1.1144,18921
D3,2024,12_,2,0.5128,22351
D3,2024,1_3,0,2.1629,3101
D3,2024,1_3,1,1.4813,6642
D3,2024,1_3,2,0.6539,8857
D3,2024,_23,0,2.3711,1253
D3,2024,_23,1,1.6536,3917
D3,2024,_23,2,0.7021,4233
D3,2024,123,0,3.1649,3257
D3,2024,123,1,2.0932,6501
D3,2024,123,2,0.9890,7464
D3,2025,___,0,0.6096,120794
D3,2025,___,1,0.3235,79218
D3,2025,___,2,0.1236,60937
D3,2025,1__,0,1.0262,45901
D3,2025,1__,1,0.6311,53209
D3,2025,1__,2,0.2913,52791
D3,2025,_2_,0,1.1568,9304
D3,2025,_2_,1,0.7462,17358
D3,2025,_2_,2,0.3362,20613
D3,2025,__3,0,1.3080,1448
D3,2025,__3,1,1.0587,4395
D3,2025,__3,2,0.4687,7055
D3,2025,12_,0,1.7941,11075
D3,2025,12_,1,1.1034,18470
D3,2025,12_,2,0.5240,22413
D3,2025,1_3,0,2.2025,3156
D3,2025,1_3,1,1.4200,6565
D3,2025,1_3,2,0.6879,8884
D3,2025,_23,0,2.4771,1264
D3,2025,_23,1,1.6652,3737
D3,2025,_23,2,0.6981,4134
D3,2025,123,0,3.0713,3183
D3,2025,123,1,2.0993,6283
D3,2025,123,2,0.9961,7150
D3,2026,___,0,0.7511,114138
D3,2026,___,1,0.4246,77398
D3,2026,___,2,0.1892,63937
D3,2026,1__,0,1.3065,45026
D3,2026,1__,1,0.8204,54078
D3,2026,1__,2,0.3877,55088
D3,2026,_2_,0,1.5332,7616
D3,2026,_2_,1,0.9535,14083
D3,2026,_2_,2,0.4329,15862
D3,2026,__3,0,1.8152,1266
D3,2026,__3,1,1.2604,3802
D3,2026,__3,2,0.5037,5946
D3,2026,12_,0,2.1566,9293
D3,2026,12_,1,1.3772,14328
D3,2026,12_,2,0.6291,15864
D3,2026,1_3,0,2.5224,2766
D3,2026,1_3,1,1.6342,5587
D3,2026,1_3,2,0.7724,6933
D3,2026,_23,0,2.6208,1163
D3,2026,_23,1,1.8005,3303
D3,2026,_23,2,0.7983,3346
D3,2026,123,0,3.1887,2999
D3,2026,123,1,2.1831,5681
D3,2026,123,2,1.1421,6251
D1,ALL,___,0,0.5529,1276226
D1,ALL,___,1,0.3325,940861
D1,ALL,___,2,0.1580,819472
D1,ALL,1__,0,1.0283,459238
D1,ALL,1__,1,0.6965,624863
D1,ALL,1__,2,0.3332,655011
D1,ALL,_2_,0,1.1709,71361
D1,ALL,_2_,1,0.7798,121583
D1,ALL,_2_,2,0.3489,142668
D1,ALL,__3,0,1.4499,9333
D1,ALL,__3,1,1.0353,20052
D1,ALL,__3,2,0.4107,29170
D1,ALL,12_,0,1.7618,54203
D1,ALL,12_,1,1.1570,94000
D1,ALL,12_,2,0.5399,109983
D1,ALL,1_3,0,2.0652,9220
D1,ALL,1_3,1,1.3683,21434
D1,ALL,1_3,2,0.6120,29113
D1,ALL,_23,0,2.3048,3173
D1,ALL,_23,1,1.6023,9609
D1,ALL,_23,2,0.6818,10443
D1,ALL,123,0,2.9104,7200
D1,ALL,123,1,1.9698,15002
D1,ALL,123,2,0.9636,18555
D2,ALL,___,0,0.5776,805565
D2,ALL,___,1,0.3490,579066
D2,ALL,___,2,0.1657,497622
D2,ALL,1__,0,1.0439,307371
D2,ALL,1__,1,0.7042,403310
D2,ALL,1__,2,0.3423,416244
D2,ALL,_2_,0,1.1646,52904
D2,ALL,_2_,1,0.7680,90434
D2,ALL,_2_,2,0.3571,105533
D2,ALL,__3,0,1.3984,7601
D2,ALL,__3,1,1.0052,16050
D2,ALL,__3,2,0.4199,23081
D2,ALL,12_,0,1.7416,42380
D2,ALL,12_,1,1.1082,73651
D2,ALL,12_,2,0.5296,87448
D2,ALL,1_3,0,1.9890,8296
D2,ALL,1_3,1,1.3320,17864
D2,ALL,1_3,2,0.6136,24245
D2,ALL,_23,0,2.2753,2691
D2,ALL,_23,1,1.5697,7962
D2,ALL,_23,2,0.6852,9339
D2,ALL,123,0,3.0330,5941
D2,ALL,123,1,2.0485,12449
D2,ALL,123,2,0.9944,14742
D3,ALL,___,0,0.6024,1011204
D3,ALL,___,1,0.3468,700831
D3,ALL,___,2,0.1580,583880
D3,ALL,1__,0,1.0814,391531
D3,ALL,1__,1,0.7005,490266
D3,ALL,1__,2,0.3322,499478
D3,ALL,_2_,0,1.2196,69817
D3,ALL,_2_,1,0.7953,124236
D3,ALL,_2_,2,0.3596,145698
D3,ALL,__3,0,1.4646,11352
D3,ALL,__3,1,1.0739,27954
D3,ALL,__3,2,0.4518,41979
D3,ALL,12_,0,1.8457,69444
D3,ALL,12_,1,1.1669,115031
D3,ALL,12_,2,0.5385,134019
D3,ALL,1_3,0,2.2045,17353
D3,ALL,1_3,1,1.4458,36287
D3,ALL,1_3,2,0.6702,47945
D3,ALL,_23,0,2.4495,6740
D3,ALL,_23,1,1.6754,19516
D3,ALL,_23,2,0.7004,21027
D3,ALL,123,0,3.1055,16015
D3,ALL,123,1,2.0983,31733
D3,ALL,123,2,1.0105,35895
